<step title="Incoming Request" date="2025-08-26T03:47:06.420" instance="5e0fcc" url="/deploy?scmType=ExternalGit&amp;isAsync=true" method="POST" type="request" pid="770,1,5" Host="sharepoint-mcp-server-30347.scm.azurewebsites.net" User-Agent="Azure-WebSites-Controller/105.0.7.92" Authorization="Bas..." Expect="100-continue" Content-Length="101" x-ms-request-id="f6335f05-6b4a-4771-87ad-da1024395267" X-ARR-LOG-ID="f6335f05-6b4a-4771-87ad-da1024395267" CLIENT-IP="20.211.64.15:1856" X-SITE-DEPLOYMENT-ID="sharepoint-mcp-server-30347" WAS-DEFAULT-HOSTNAME="sharepoint-mcp-server-30347.scm.azurewebsites.net" X-MS-PLATFORM-INTERNAL="True" X-Forwarded-Proto="https" X-AppService-Proto="https" X-Forwarded-TlsVersion="1.3" X-WAWS-Unencoded-URL="/deploy?scmType=ExternalGit&amp;isAsync=true" X-Client-IP="20.211.64.15" X-Client-Port="1856" >
  <step title="FetchHandler" date="2025-08-26T03:47:06.450" >
    <step title="GitExeRepository.Initialize" date="2025-08-26T03:47:06.592" >
      <step title="Executing external process" date="2025-08-26T03:47:06.600" type="process" path="git" arguments="init" >
        <step title="Process dump" date="2025-08-26T03:47:06.708" exitCode="128" type="processOutput" /><!-- duration: 9ms -->
      </step><!-- duration: 123ms -->
    </step><!-- duration: 137ms -->
  </step><!-- duration: 287ms -->
  <step title="Error occurred" date="2025-08-26T03:47:07.092" type="error" text="fatal: cannot copy &apos;/usr/share/git-core/templates/hooks/applypatch-msg.sample&apos; to &apos;/home/site/repository/.git/hooks/applypatch-msg.sample&apos;: File exists

/usr/bin/git init" stackTrace="   at Kudu.Core.Infrastructure.Executable.Execute(ITracer tracer, String arguments, Object[] args) in /tmp/KuduLite/Kudu.Core/Infrastructure/Executable.cs:line 79
   at Kudu.Core.SourceControl.Git.GitExeRepository.Initialize() in /tmp/KuduLite/Kudu.Core/SourceControl/Git/GitExeRepository.cs:line 123
   at Kudu.Core.SourceControl.RepositoryFactory.EnsureRepository(RepositoryType repositoryType) in /tmp/KuduLite/Kudu.Core/SourceControl/RepositoryFactory.cs:line 91
   at Kudu.Core.Deployment.FetchDeploymentManager.GetDeploymentTracer(DeploymentInfoBase deploymentInfo, ITracer tracer) in /tmp/KuduLite/Kudu.Core/Deployment/FetchDeploymentManager.cs:line 489
   at Kudu.Core.Deployment.FetchDeploymentManager.FetchDeploy(DeploymentInfoBase deployInfo, Boolean asyncRequested, Uri requestUri, String targetBranch) in /tmp/KuduLite/Kudu.Core/Deployment/FetchDeploymentManager.cs:line 86
   at Kudu.Services.FetchHandlerMiddleware.Invoke(HttpContext context, ITracer tracer, IDeploymentSettingsManager settings, IFetchDeploymentManager manager, IEnumerable`1 serviceHookHandlers) in /tmp/KuduLite/Kudu.Services/ServiceHookHandlers/FetchHandlerMiddleware.cs:line 79
   at Microsoft.AspNetCore.Builder.Extensions.MapMiddleware.InvokeCore(HttpContext context, PathString matchedPath, PathString remainingPath)
   at Kudu.Services.Web.Tracing.TraceMiddleware.Invoke(HttpContext context) in /tmp/KuduLite/Kudu.Services.Web/Tracing/TraceMiddleware.cs:line 101" /><!-- duration: 6ms -->
  <step title="Incoming Request" date="2025-08-26T03:47:07.200" url="/Error?scmType=ExternalGit&amp;isAsync=true" method="POST" type="request" pid="770,1,5" Host="sharepoint-mcp-server-30347.scm.azurewebsites.net" User-Agent="Azure-WebSites-Controller/105.0.7.92" Authorization="Bas..." Expect="100-continue" Content-Length="101" x-ms-request-id="f6335f05-6b4a-4771-87ad-da1024395267" X-ARR-LOG-ID="f6335f05-6b4a-4771-87ad-da1024395267" CLIENT-IP="20.211.64.15:1856" X-SITE-DEPLOYMENT-ID="sharepoint-mcp-server-30347" WAS-DEFAULT-HOSTNAME="sharepoint-mcp-server-30347.scm.azurewebsites.net" X-MS-PLATFORM-INTERNAL="True" X-Forwarded-Proto="https" X-AppService-Proto="https" X-Forwarded-TlsVersion="1.3" X-WAWS-Unencoded-URL="/deploy?scmType=ExternalGit&amp;isAsync=true" X-Client-IP="20.211.64.15" X-Client-Port="1856" >
    <step title="Outgoing response" date="2025-08-26T03:47:07.274" type="response" statusCode="400" statusText="BadRequest" /><!-- duration: 8ms -->
  </step><!-- duration: 94ms -->
